﻿<?xml version="1.0" encoding="UTF-8" standalone="yes"?>
<addon id="best-alternative-repository" name="best alternative repository" version="0.0.2" provider-name="sf1993">
	<extension point="xbmc.addon.repository" name="best alternative Add-on Repository">
		<info compressed="false">http://raw.github.com/sf1993/best-alternative-repository/master/addons.xml</info>
		<checksum>http://raw.github.com/sf1993/best-alternative-repository/master/addons.xml.md5</checksum>
		<datadir zip="true">http://raw.github.com/sf1993/best-alternative-repository/master/repo/</datadir>
	</extension>
	<extension point="xbmc.addon.metadata">
		<summary>best alternative Addon</summary>
		<description>Addon Description</description>
		<disclaimer></disclaimer>
		<platform>all</platform>
	</extension>
</addon>